precision,recall,f1,roc_auc,pr_auc,threshold
0.8011869436201781,0.9183673469387755,0.8557844690966719,0.686806843949701,0.6972051439330715,0.05
