precision,recall,f1,roc_auc,pr_auc,threshold
0.6666666666666666,1.0,0.8,0.7018932874354561,0.5273393478630726,0.44999999999999996
