{
  "dim": 110,
  "seeds": {
    "auth": [
      0.02591850960218758,
      0.003682355743282341,
      0.01781950007726529,
      -0.03487040441103777,
      0.018259576198305327,
      0.0007509901981862824,
      -0.012214234396896305,
      0.0026038580938906567,
      -0.004921848491549469,
      -0.035219342474611386,
      -0.029285116671973078,
      0.001841108476288243,
      0.009451532601228052,
      0.037205827285387676,
      -0.0013649799845204856,
      -0.03124845325486299,
      0.0022484076803347677,
      0.020540199529392258,
      -0.004896235740316937,
      0.020247578293545142,
      0.008171205411412225,
      -0.011875482894413744,
      -0.030307729490115256,
      -0.03776742362228703,
      0.008243300377340538,
      0.0034544850259908355,
      -0.009443316911169902,
      -0.07043202674804522,
      0.027308005530707335,
      0.04094791078165762,
      0.020170066409059086,
      0.03746615691958412,
      0.006291555328911532,
      0.006047229715510953,
      0.004657847890909491,
      -0.0002419794561214505,
      0.030745540802222554,
      0.021966100827900258,
      0.0033983219526832775,
      0.013660400617119723,
      0.028590250530424455,
      0.05499442645021699,
      0.009437493807705475,
      0.018067355355280167,
      0.003238509709737843,
      0.03418651042900978,
      0.002382266262992372,
      0.023957387078629086,
      -0.03626890894193206,
      0.019279720919191473,
      0.04694006391765668,
      0.016229041516136963,
      -0.005984306381794119,
      -0.00585257765546773,
      0.05117654051416756,
      -0.016791268062936477,
      -0.012349772882093128,
      0.006989672636577041,
      -0.001781177455347992,
      -0.015671016555131447,
      -0.009701264683139739,
      -0.016206029569887124,
      0.009117689948616184,
      0.02295535078858956,
      0.05025285506513649,
      -0.0016367050719146695,
      0.002514103091138443,
      0.0051016083809509345,
      -0.01082216344103238,
      -0.010644252425676223,
      -0.009819133302281641,
      0.006584332190780544,
      0.041488692853162756,
      0.05972677490287113,
      0.06617240576280811,
      -0.036439799154177825,
      -0.00919198816303608,
      -0.007667803136200706,
      -0.07214772930721278,
      -0.013958947553062567,
      0.02429718756045083,
      -0.014605444650039516,
      -0.046148571282402885,
      -0.01817654235895883,
      0.0023040164027116577,
      0.028990288335755107,
      0.01779867409763855,
      0.007011026200139704,
      -0.01351508227413021,
      -0.011452672028809648,
      -0.04289854141359215,
      0.0791355851763921,
      -0.01935352265603935,
      -0.007492961133018093,
      0.002590065732178897,
      -0.03481526293274436,
      -0.037632297173475514,
      -0.014450106752227056,
      0.013217240933145458,
      0.014282003863499579,
      -0.022523700418711386,
      0.031626933931141556,
      0.05596010755261354,
      -0.021165651908650156,
      -0.006813084713128784,
      0.010794623609778169,
      -0.011961703151046802,
      0.01890861726513135,
      -0.006837475631409956,
      -0.0504918280207488
    ],
    "user": [
      -0.000572131603690564,
      -0.02123494332105632,
      -0.023181221681135594,
      -0.013439352723588061,
      -0.020633963964738575,
      0.019992433949384016,
      0.009585355791789605,
      -0.0037785121000351294,
      0.02576155318940633,
      0.0037036745009339494,
      0.05002308620816784,
      -0.013077793625536039,
      -0.008507042578385094,
      -0.006231228345254006,
      0.050757147102834695,
      -0.03804560110567253,
      -0.002725873367256719,
      0.02022400154085178,
      -0.0005552095729780962,
      -0.04590630242599006,
      -0.0016226109442484037,
      -0.015068512767548798,
      0.022626447245554706,
      -0.02212932623268334,
      -0.01901328178277339,
      -0.016030755200495173,
      -0.009706168808851924,
      0.023277988748136563,
      -0.004967986042673207,
      -0.003294298004680302,
      0.003152730936641935,
      0.026836762870608124,
      -0.040170371476778065,
      -0.02862678057723704,
      -0.0024934359467058717,
      -0.0038268025526257553,
      0.008297877189143692,
      0.015629061987933665,
      -0.023903303927842203,
      0.020974091683814408,
      -0.021052584477271225,
      -0.03768250738997935,
      0.023804516708402917,
      0.03529659666273753,
      -0.028771980957102223,
      -0.029907011513429043,
      -0.0013050647291850857,
      0.0011704031981481402,
      0.011092214626807251,
      0.01009548129242812,
      -0.018633040181446358,
      -0.02366430583173741,
      0.022389080252111303,
      0.008245105688644148,
      -0.004115049005633497,
      0.011479565191152341,
      0.019940752473569592,
      -0.030559155845450336,
      -0.02592565604923087,
      -0.009557633209318746,
      -0.0009817583433975978,
      0.02941981450019377,
      0.0004989329157136838,
      0.00033605486964649595,
      -0.018143335320210806,
      -0.0020632518881829503,
      -0.016954124677763784,
      -0.033133786496994784,
      -0.029857146524455362,
      0.017591731110263173,
      -0.023981881147155226,
      -0.03405900064305355,
      0.00528431901313372,
      0.01845154751134395,
      0.042708038292159536,
      0.055933112027365214,
      -0.007383245217467909,
      -0.01761813793227561,
      0.043722969911299266,
      -0.008723657436139717,
      -0.03412430974656718,
      -0.05135662660047928,
      -0.04378032785430032,
      0.0190989245275431,
      0.02297784723969915,
      -0.026960267002107925,
      -0.0366434736683086,
      -0.07445278277892022,
      0.017409490402109137,
      -0.023366070451809936,
      0.02129612498029881,
      0.003497966662358389,
      -0.052904687263655895,
      -0.02673230516027447,
      -0.004303904824548179,
      0.001706999980237461,
      0.012176602668936101,
      -0.0009060585834926952,
      -0.031145380383318075,
      0.012871495649649347,
      -0.0010706185904846993,
      0.006580131122688339,
      -0.01491930178640544,
      0.011281413554015553,
      0.013201266201808027,
      0.017607454769007613,
      -0.02115503725603469,
      -0.003559570610008548,
      0.006119123333851778,
      -0.0313769357398768
    ],